{
  "main": {
    "id": "7ae158e3acf991ff",
    "type": "split",
    "children": [
      {
        "id": "09573c73a76f29b1",
        "type": "tabs",
        "children": [
          {
            "id": "9edbfd160e7a7ad9",
            "type": "leaf",
            "state": {
              "type": "markdown",
              "state": {
                "file": "Assignments/Assignment 1.md",
                "mode": "source",
                "source": false
              },
              "icon": "lucide-file",
              "title": "Assignment 1"
            }
          }
        ]
      }
    ],
    "direction": "vertical"
  },
  "left": {
    "id": "a6dbc1d08b09bdaa",
    "type": "split",
    "children": [
      {
        "id": "1dcbe4c860955e90",
        "type": "tabs",
        "children": [
          {
            "id": "e7985a29eabc0b6b",
            "type": "leaf",
            "state": {
              "type": "file-explorer",
              "state": {
                "sortOrder": "alphabetical"
              },
              "icon": "lucide-folder-closed",
              "title": "Files"
            }
          },
          {
            "id": "fd9c65044066cb65",
            "type": "leaf",
            "state": {
              "type": "search",
              "state": {
                "query": "",
                "matchingCase": false,
                "explainSearch": false,
                "collapseAll": false,
                "extraContext": false,
                "sortOrder": "alphabetical"
              },
              "icon": "lucide-search",
              "title": "Search"
            }
          },
          {
            "id": "288cb7287e13056b",
            "type": "leaf",
            "state": {
              "type": "bookmarks",
              "state": {},
              "icon": "lucide-bookmark",
              "title": "Bookmarks"
            }
          }
        ]
      }
    ],
    "direction": "horizontal",
    "width": 300
  },
  "right": {
    "id": "2af9fa9b4410824d",
    "type": "split",
    "children": [
      {
        "id": "791efa12e9ca9681",
        "type": "tabs",
        "children": [
          {
            "id": "df2edaf6cc5ce064",
            "type": "leaf",
            "state": {
              "type": "backlink",
              "state": {
                "file": "Assignments/Assignment 1.md",
                "collapseAll": false,
                "extraContext": false,
                "sortOrder": "alphabetical",
                "showSearch": false,
                "searchQuery": "",
                "backlinkCollapsed": false,
                "unlinkedCollapsed": true
              },
              "icon": "links-coming-in",
              "title": "Backlinks for Assignment 1"
            }
          },
          {
            "id": "58464f31efa13c97",
            "type": "leaf",
            "state": {
              "type": "outgoing-link",
              "state": {
                "file": "Assignments/Assignment 1.md",
                "linksCollapsed": false,
                "unlinkedCollapsed": true
              },
              "icon": "links-going-out",
              "title": "Outgoing links from Assignment 1"
            }
          },
          {
            "id": "67ce440ebca50cee",
            "type": "leaf",
            "state": {
              "type": "tag",
              "state": {
                "sortOrder": "frequency",
                "useHierarchy": true
              },
              "icon": "lucide-tags",
              "title": "Tags"
            }
          },
          {
            "id": "517a14e5e8d74394",
            "type": "leaf",
            "state": {
              "type": "outline",
              "state": {
                "file": "Assignments/Assignment 1.md"
              },
              "icon": "lucide-list",
              "title": "Outline of Assignment 1"
            }
          }
        ]
      }
    ],
    "direction": "horizontal",
    "width": 300,
    "collapsed": true
  },
  "left-ribbon": {
    "hiddenItems": {
      "switcher:Open quick switcher": false,
      "graph:Open graph view": false,
      "canvas:Create new canvas": false,
      "daily-notes:Open today's daily note": false,
      "templates:Insert template": false,
      "command-palette:Open command palette": false
    }
  },
  "active": "e7985a29eabc0b6b",
  "lastOpenFiles": [
    "Infomations/Country Information.md",
    "Assignments/Assignment 1.md",
    "Assignments"
  ]
}